plan,tier,tier_startdate,threshold_age,reduction_pct_per_year,source,candidates_found
AZ06,1,1963-01-01,65,6.0,assumed_no_rate_found,
AZ06,2,1984-01-01,65,6.0,assumed_no_rate_found,
AZ06,3,2011-07-01,65,6.0,assumed_no_rate_found,
AZ127,1,1963-01-01,62,6.0,assumed_ambiguous,2.5|4.0|12.0
AZ127,2,2012-01-01,62,6.0,assumed_ambiguous,2.5|4.0|12.0
AZ127,3,2018-07-01,55,6.0,assumed_ambiguous,2.5|4.0|12.0
CA10,1,1963-01-01,63,2.0,extracted_weak_plan_level,2.0
CA10,2,2013-01-01,65,2.0,extracted_weak_plan_level,2.0
CA111,1,1963-01-01,60,6.0,extracted_weak_plan_level,6.0
CA111,2,2013-07-01,65,6.0,extracted_weak_plan_level,6.0
CA111,3,2016-07-01,65,6.0,extracted_weak_plan_level,6.0
CA144,1,1963-01-01,62,6.0,assumed_ambiguous,0.75|1.0|1.25|1.5|2.0|2.2|2.25|2.5|3.0|3.05|7.0
CA144,2,2002-07-01,62,6.0,assumed_ambiguous,0.75|1.0|1.25|1.5|2.0|2.2|2.25|2.5|3.0|3.05|7.0
CA144,3,2009-07-01,62,6.0,assumed_ambiguous,0.75|1.0|1.25|1.5|2.0|2.2|2.25|2.5|3.0|3.05|7.0
CA144,4,2012-01-01,62,6.0,assumed_ambiguous,0.75|1.0|1.25|1.5|2.0|2.2|2.25|2.5|3.0|3.05|7.0
CA43,1,1963-01-01,65,6.0,assumed_no_rate_found,
CA43,2,1977-09-01,65,6.0,assumed_no_rate_found,
CA43,3,1978-10-01,65,6.0,assumed_no_rate_found,
CA43,4,1979-06-01,65,6.0,assumed_no_rate_found,
CA43,5,1982-01-01,65,6.0,assumed_no_rate_found,
CA43,6,2013-01-01,67,6.0,assumed_no_rate_found,
CA97,1,1963-01-01,60,6.0,assumed_no_rate_found,
CA97,2,2009-08-28,62,6.0,assumed_no_rate_found,
CA97,3,2013-01-01,67,6.0,assumed_no_rate_found,
CA97,4,2018-07-01,70,6.0,assumed_no_rate_found,
CA98,1,1963-01-01,62,6.0,assumed_no_rate_found,
CA98,2,2010-07-01,62,6.0,assumed_no_rate_found,
CA98,3,2012-01-07,65,6.0,assumed_no_rate_found,
DC20,1,1963-01-01,62,6.0,assumed_no_rate_found,
DC20,2,1996-11-01,62,6.0,assumed_no_rate_found,
FL26,1,1963-01-01,65,6.0,assumed_ambiguous,2.0|3.0|3.25|5.0
FL26,2,2011-07-01,68,6.0,assumed_ambiguous,2.0|3.0|3.25|5.0
GA27,1,1963-01-01,60,7.0,extracted,7.0
GA27,2,1982-07-01,60,7.0,extracted,7.0
GA27,3,2009-01-01,60,7.0,extracted,7.0
GA28,1,1963-01-01,60,6.0,assumed_no_rate_found,
IL32,1,1963-01-01,60,6.0,assumed_ambiguous,2.0|4.0
IL32,2,2011-01-01,67,6.0,assumed_ambiguous,2.0|4.0
IL33,1,1963-01-01,60,6.0,assumed_ambiguous,6.0|12.0
IL33,2,2011-01-01,67,12.0,extracted,12.0
IL34,1,1963-01-01,60,6.0,extracted,6.0
IL34,2,2011-01-01,67,6.0,extracted,6.0
IN37,1,1963-01-01,63,12.0,extracted_weak_plan_level,12.0
IN37,2,1963-01-01,63,12.0,extracted_weak_plan_level,12.0
LA130,1,1963-01-01,55,6.0,assumed_ambiguous,4.5|15.0
LA130,2,2013-01-01,55,6.0,assumed_ambiguous,4.5|15.0
LA163,1,1963-01-01,55,3.0,extracted,3.0
LA163,2,2015-09-01,55,3.0,extracted,3.0
LA44,1,1963-01-01,60,6.0,assumed_ambiguous,2.0|3.33|3.5
LA44,2,2006-07-01,60,6.0,assumed_ambiguous,2.0|3.33|3.5
LA44,3,2015-07-01,62,6.0,assumed_ambiguous,2.0|3.33|3.5
MA50,1,1963-01-01,65,6.0,assumed_no_rate_found,
MA50,2,1975-01-01,65,6.0,assumed_no_rate_found,
MA50,3,1979-01-01,67,6.0,assumed_no_rate_found,
MA50,4,1984-01-01,67,6.0,assumed_no_rate_found,
MA50,5,1996-07-01,67,6.0,assumed_no_rate_found,
MA50,6,2012-04-02,67,6.0,assumed_no_rate_found,
MA51,1,1963-01-01,65,6.0,assumed_no_rate_found,
MA51,2,1975-01-01,67,6.0,assumed_no_rate_found,
MA51,3,1979-01-01,67,6.0,assumed_no_rate_found,
MA51,4,1984-01-01,67,6.0,assumed_no_rate_found,
MA51,5,1996-07-01,67,6.0,assumed_no_rate_found,
MA51,6,2012-04-02,67,6.0,assumed_no_rate_found,
ME47,1,1963-01-01,60,6.0,assumed_ambiguous,2.0|2.25|2.75|5.0|6.0|15.0
ME47,2,1983-07-01,62,6.0,extracted,6.0
ME47,3,2006-07-01,65,6.0,extracted,6.0
MI53,1,1963-01-01,55,6.0,assumed_ambiguous,2.0|3.5|6.0
MI53,2,1990-01-01,60,6.0,assumed_ambiguous,2.0|3.5|6.0
MI53,3,2010-07-01,60,6.0,assumed_ambiguous,2.0|3.5|6.0
MI53,4,2013-02-01,60,6.0,assumed_ambiguous,2.0|3.5|6.0
MO175,1,1963-01-01,65,6.0,assumed_ambiguous,3.75|12.0
MO175,2,2014-04-20,67,6.0,assumed_ambiguous,3.75|12.0
MO64,1,1963-01-01,60,6.0,assumed_no_rate_found,
ND82,1,1963-01-01,65,6.0,assumed_ambiguous,6.0|8.0
ND82,2,2008-07-01,65,6.0,assumed_ambiguous,6.0|8.0
ND82,3,2012-07-01,65,6.0,assumed_ambiguous,6.0|8.0
ND82,4,2014-07-01,65,6.0,assumed_ambiguous,6.0|8.0
NJ71,1,1963-01-01,55,6.0,assumed_ambiguous,1.0|3.0|4.0
NJ71,2,2007-07-01,60,1.0,extracted,1.0
NJ71,3,2008-02-11,62,6.0,assumed_ambiguous,1.0|3.0|4.0
NJ71,4,2010-05-21,62,6.0,assumed_ambiguous,1.0|3.0|4.0
NJ71,5,2011-06-28,65,6.0,assumed_ambiguous,1.0|3.0|4.0
NJ73,1,1963-01-01,55,6.0,assumed_no_rate_found,
NJ73,2,2007-07-01,60,6.0,assumed_no_rate_found,
NJ73,3,2008-02-11,62,6.0,assumed_no_rate_found,
NJ73,4,2010-05-21,62,6.0,assumed_no_rate_found,
NJ73,5,2011-06-28,65,6.0,assumed_no_rate_found,
NM74,1,1963-01-01,65,2.75,extracted_weak_plan_level,2.75
NM74,2,2013-07-01,65,2.75,extracted_weak_plan_level,2.75
NY78,1,1963-01-01,62,1.5,extracted,1.5
NY78,2,1968-01-01,62,1.5,extracted,1.5
NY78,3,1976-01-01,62,1.5,extracted,1.5
NY78,4,2000-01-01,62,1.5,extracted,1.5
NY78,5,2010-01-01,62,1.5,extracted,1.5
NY78,6,2012-04-01,63,6.0,assumed_ambiguous,2.0|6.5
NY83,1,1963-01-01,62,6.0,assumed_no_rate_found,
NY83,2,2010-01-01,62,6.0,assumed_no_rate_found,
NY83,3,2012-04-01,63,6.0,assumed_no_rate_found,
OH88,1,1963-01-01,65,6.0,assumed_ambiguous,1.0|1.9|2.2
OH88,2,1980-07-01,65,6.0,assumed_ambiguous,1.0|1.9|2.2
OH88,3,1981-01-01,65,6.0,assumed_ambiguous,1.0|1.9|2.2
OH88,4,1982-01-01,65,6.0,assumed_ambiguous,1.0|1.9|2.2
OH88,5,1983-01-01,65,6.0,assumed_ambiguous,1.0|1.9|2.2
OH88,6,1984-01-01,65,6.0,assumed_ambiguous,1.0|1.9|2.2
OK134,1,1963-01-01,50,6.0,assumed_no_rate_found,
OR91,1,1963-01-01,58,0.5,extracted_weak_plan_level,0.5
OR91,2,1996-01-01,60,0.5,extracted_weak_plan_level,0.5
OR91,3,2003-08-28,65,0.5,extracted_weak_plan_level,0.5
OR91,4,2013-01-01,65,0.5,extracted_weak_plan_level,0.5
PA92,1,1963-01-01,62,6.0,assumed_ambiguous,4.0|7.25
PA92,2,2011-07-01,65,6.0,assumed_ambiguous,4.0|7.25
PA93,1,1963-01-01,60,6.0,assumed_ambiguous,2.6|2.65|2.9|5.0|5.55
PA93,2,2001-07-01,60,6.0,assumed_ambiguous,2.6|2.65|2.9|5.0|5.55
PA93,3,2011-01-01,65,6.0,assumed_ambiguous,2.6|2.65|2.9|5.0|5.55
RI96,1,1963-01-01,65,6.0,assumed_ambiguous,1.0|2.0|2.1|2.5|3.0|3.25|3.5|7.0|7.8|9.0
RI96,2,1992-01-01,65,6.0,assumed_ambiguous,1.0|2.0|2.1|2.5|3.0|3.25|3.5|7.0|7.8|9.0
RI96,3,1997-01-01,65,6.0,assumed_ambiguous,1.0|2.0|2.1|2.5|3.0|3.25|3.5|7.0|7.8|9.0
RI96,4,2002-01-01,65,6.0,assumed_ambiguous,1.0|2.0|2.1|2.5|3.0|3.25|3.5|7.0|7.8|9.0
RI96,5,2007-01-01,65,6.0,assumed_ambiguous,1.0|2.0|2.1|2.5|3.0|3.25|3.5|7.0|7.8|9.0
RI96,6,2012-01-01,65,6.0,assumed_ambiguous,1.0|2.0|2.1|2.5|3.0|3.25|3.5|7.0|7.8|9.0
SC100,1,1963-01-01,65,6.0,assumed_ambiguous,4.0|5.0
SC100,2,2012-07-01,65,6.0,assumed_ambiguous,4.0|5.0
SC99,1,1963-01-01,55,2.67,extracted_weak_plan_level,2.67
SC99,2,2012-07-01,55,2.67,extracted_weak_plan_level,2.67
TX108,1,1963-01-01,65,6.0,assumed_ambiguous,2.5|5.0|10.0
TX108,2,1999-01-01,65,6.0,assumed_ambiguous,2.5|5.0|10.0
TX108,3,2001-01-01,65,6.0,assumed_ambiguous,2.5|5.0|10.0
TX108,4,2005-01-01,65,6.0,assumed_ambiguous,2.5|5.0|10.0
